{
    "loss": 1.4078432321548462,
    "accuracy": 0.9568345546722412
}